global_ids,bat_ids,LongName,Label_number,areas,volumes,perimeter,X,Y,Z,aspect_ratio,Boundary_line,surface_areas,ax1s
04au2AT9H9jfbPccGosL$R,73966,설비관련공간,33400,5.562478072,22.69491053,9.449982438,2.224991307,2.499999912,4.08,0.889996554,4,167.1078534,7.363230323
0mciS8ibbF8ev8nWpsGnhh,87406,설비관련공간,33400,36.47393214,204.2534526,28.74463138,5.314592206,8,5.6,0.664324026,17,181.096,0.886623936
0Oc6gJuPP8E9GYTX5QstCz,1766,주차장,33113,728.6734388,2731.279709,146.5292047,42.10000007,23.6,3.85,1.783898308,26,2156.615304,0.789598845
0oyJ7ih8D7tBHL7zO_WQO6,86054,사무실,33606,107.2288006,330.2647057,42.83581204,13.45564066,8.100034962,3.08,1.661183035,12,347.2405629,1.051400761
0r4si6R5r5vxUJIluidhTf,74147,설비관련공간,33400,36.70495781,116.7217658,26.29998261,7.69999127,4.85000002,3.18,1.58762706,12,573.702458,4.915128332
0r4si6R5r5vxUJIluidhTn,74431,설비관련공간,33400,36.83495781,113.4516701,26.09998261,7.69999127,4.85000002,3.08,1.58762706,11,399.8321283,3.524250705
0r4si6R5r5vxUJIluidhUA,74699,설비관련공간,33400,36.83495781,131.869149,26.09998261,7.69999127,4.85000002,3.58,1.58762706,11,459.3798816,3.483603899
0tYH3kFkjABPxtnDy0hWRV,3902,설비관련공간,33400,323.1694578,1798.16307,73.29979134,16.7,19.59996504,5.65,0.852042336,15,255.6170138,0.142154523
0tYH3kFkjABPxtnDy0hWU1,4717,창고,33227,12.49421447,49.97642888,18.43977072,5.890157579,4.955736877,4,1.188553332,4,90.74700023,1.815796012
0tYH3kFkjABPxtnDy0hWUE,4780,창고,33227,9.841500038,55.11240021,12.69000003,2.7,3.645000014,5.6,0.740740738,4,57.71299971,1.047187194
0tYH3kFkjABPxtnDy0hWUV,4522,설비관련공간,33400,48.46055391,271.3791094,28.33855464,6.6,7.599965316,5.6,0.868425016,9,99.83071301,0.367864399
0tYH3kFkjABPxtnDy0hWVp,4865,창고,33227,4.468499953,25.02359974,8.709999965,2.7,1.654999983,5.6,1.631419957,5,90.19434814,3.604371436
0tYH3kFkjABPxtnDy0hWVU,5763,설비관련공간,33400,21.32044845,78.68334126,20.89168143,5.09729119,5.7,3.85,0.894261612,10,114.8159999,1.459216119
0tYH3kFkjABPxtnDy0hWVv,4962,계단실,33101,14.31015671,54.37859551,16.20369335,2.601846677,5.499999997,3.8,0.473063032,5,53.73693239,0.988200079
0tYH3kFkjABPxtnDy0hWVW,5378,홀,33118,14.56766689,53.17198415,16.54369335,5.716846677,2.555,3.65,2.237513376,9,119.8362045,2.253747089
0tYH3kFkjABPxtnDy0hWVZ,5179,출입구 및 전실,33114,6.933878032,25.30905574,10.80369336,3.301846677,2.100000003,3.85,1.572307939,5,89.51981452,3.537066552
0tYH3kFkjABPxtnDy0hX26,33204,복도,33105,90.51655552,242.5843688,84.18460843,16.10999218,14.72496563,2.68,1.094059748,44,95.01999996,0.391698774
0tYH3kFkjABPxtnDy0hX53,34612,출입구 및 전실,33114,6.930018343,20.65145466,10.80001747,3.30000873,2.100000003,2.98,1.571432726,5,59.33704511,2.873262251
0tYH3kFkjABPxtnDy0hX54,34795,화장실,33234,17.27605401,46.81810637,22.01996514,3.239991307,5.439999997,2.71,0.595586638,12,393.8698846,8.412768374
0tYH3kFkjABPxtnDy0hX59,35005,화장실,33234,11.02367545,29.87416046,13.76003477,2.540017386,4.339999997,2.71,0.585257463,4,341.7871156,11.44089442
0tYH3kFkjABPxtnDy0hX5e,34010,계단실,33101,14.29999999,58.62999996,16.19999999,2.6,5.499999997,4.1,0.472727273,7,94.22621354,1.607133099
0tYH3kFkjABPxtnDy0hX5h,33886,계단실,33101,14.300048,58.63019682,16.20001745,2.60000873,5.499999997,4.1,0.47272886,6,59.33704511,1.012056045
0tYH3kFkjABPxtnDy0hX5I,34120,화장실,33234,11.02367545,29.87416046,13.76003477,2.540017386,4.339999997,2.71,0.585257463,4,46.04408873,1.54126804
0tYH3kFkjABPxtnDy0hX5N,34241,화장실,33234,17.27605401,46.81810637,22.01996514,3.239991307,5.439999997,2.71,0.595586638,12,46.04408873,0.983467558
0tYH3kFkjABPxtnDy0hX5P,34451,출입구 및 전실,33114,6.930018343,20.65145466,10.80001747,3.30000873,2.100000003,2.98,1.571432726,5,94.22621354,4.56269135
0tYH3kFkjABPxtnDy0hX6$,36388,사무실,33606,195.949501,583.9295129,59.75986062,15.99999997,12.39996543,2.98,1.290326176,17,458.7948869,0.785702515
0tYH3kFkjABPxtnDy0hX6c,38416,사무실,33606,139.8766262,416.832346,50.22451267,10.55000003,13.45003462,2.98,0.784384601,25,95.01999996,0.227957357
0tYH3kFkjABPxtnDy0hX6e,39239,계단실,33101,14.300048,58.63019682,16.20001745,2.60000873,5.499999997,4.1,0.47272886,6,406.945722,6.940889577
0tYH3kFkjABPxtnDy0hX6j,39363,계단실,33101,14.29999999,58.62999996,16.19999999,2.6,5.499999997,4.1,0.472727273,7,46.04408873,0.785333255
0tYH3kFkjABPxtnDy0hX6m,35144,사무실,33606,124.0570817,369.6901017,48.63577832,16.05062411,7.80503436,2.98,2.056445028,20,289.5400188,0.783196568
0tYH3kFkjABPxtnDy0hX6N,39532,복도,33105,90.49360786,242.5228691,84.19284078,16.10999218,14.72500031,2.68,1.094057171,44,94.22621354,0.388525065
0tYH3kFkjABPxtnDy0hX6r,35780,사무실,33606,106.6576445,317.8397805,42.83581204,13.45564066,8.100034962,2.98,1.661183035,12,569.9833866,1.793304116
0tYH3kFkjABPxtnDy0hX6w,36233,사무실,33606,85.76410022,255.5770187,39.60128132,13.40064066,6.4,2.98,2.093850103,4,399.2810669,1.562272965
0tYH3kFkjABPxtnDy0hX6X,37279,사무실,33606,150.2785984,447.8302231,52.41104802,10.64999134,15.04996533,2.98,0.707642251,16,95.02016756,0.212178997
0tYH3kFkjABPxtnDy0hX6y,36724,사무실,33606,130.9361754,390.1898028,45.83476821,10.60015341,12.45500029,2.98,0.851076127,10,430.2434069,1.102651591
0tYH3kFkjABPxtnDy0hXfm,10816,출입구 및 전실,33114,6.933878032,39.87019961,10.80369336,3.301846677,2.100000003,5.95,1.572307939,5,124.0722391,3.111904137
0tYH3kFkjABPxtnDy0hXfn,10608,계단실,33101,14.31015671,87.29195595,17.4073867,2.601846677,5.499999997,6.1,0.473063032,6,161.0140063,1.844545749
0tYH3kFkjABPxtnDy0hXfp,10484,창고,33227,14.84999999,77.07149995,16.39999999,2.7,5.499999997,5.19,0.490909091,5,76.42468844,0.991607643
0tYH3kFkjABPxtnDy0hXfs,11103,설비관련공간,33400,21.26520464,122.0654457,20.8446966,5.09729119,5.657378852,5.74,0.900998735,9,223.7975024,1.833422236
0tYH3kFkjABPxtnDy0hXg6,11886,창고,33227,3.97926347,23.4775798,10.14431898,2.933627025,3.05577156,5.9,0.96002825,3,268.4565855,11.43459368
0tYH3kFkjABPxtnDy0hXgB,11985,창고,33227,7.99481571,47.16945409,14.93788388,6.4,1.7,5.9,3.764705882,5,222.3859371,4.714617572
0tYH3kFkjABPxtnDy0hXgJ,11411,홀,33118,14.58593136,83.10583931,16.61987408,5.701846677,2.596090361,5.9,2.196320576,8,68.40585367,0.823117295
0tYH3kFkjABPxtnDy0hXgV,11675,설비관련공간,33400,38.52981403,221.1611326,25.55680691,6.6,5.9,5.74,1.118644068,10,104.3705797,0.471920986
0tYH3kFkjABPxtnDy0hXh1,15121,사무실,33606,44.88543096,228.0179893,29.55010413,10.37501742,4.400034648,5.08,2.357939936,9,106.36,0.466454425
0tYH3kFkjABPxtnDy0hXh8,15511,계단실,33101,14.29999999,68.63999996,16.19999999,2.6,5.499999997,4.8,0.472727273,6,46.67064342,0.679933617
0tYH3kFkjABPxtnDy0hXha,13469,사무실,33606,51.63031019,184.8365105,35.00121197,13.27564066,4.099965325,3.58,3.237988521,15,257.1306436,1.391124745
0tYH3kFkjABPxtnDy0hXhB,15384,계단실,33101,14.31015671,70.83375942,16.20369335,2.601846677,5.499999997,4.95,0.473063032,6,858.9733138,12.12660913
0tYH3kFkjABPxtnDy0hXhd,13330,사무실,33606,52.92256266,189.4627743,34.46128132,13.23064066,4.000000002,3.58,3.307660163,5,261.2321673,1.378804719
0tYH3kFkjABPxtnDy0hXhG,14329,사무실,33606,39.35962802,140.9074683,28.09991332,10.07499134,3.974965322,3.58,2.534611128,8,180.027829,1.277631563
0tYH3kFkjABPxtnDy0hXhJ,14015,사무실,33606,65.28880518,233.7339225,35.35000927,5.350004346,12.32500029,3.58,0.434077422,10,181.3768687,0.775997197
0tYH3kFkjABPxtnDy0hXhk,13715,사무실,33606,66.78469816,239.0892194,35.52222226,5.504995654,12.32500029,3.58,0.446652781,10,179.3169457,0.75000013
0tYH3kFkjABPxtnDy0hXhL,14498,사무실,33606,40.29996537,144.273876,28.14998268,10.07499134,4.000000002,3.58,2.518747833,4,215.6060144,1.494421723
0tYH3kFkjABPxtnDy0hXho,12089,사무실,33606,61.20051455,219.0978421,40.79764144,15.87378616,3.925034547,3.58,4.044241132,13,227.762686,1.039547829
0tYH3kFkjABPxtnDy0hXhQ,14611,사무실,33606,39.62532103,141.8586493,28.1500522,10.07499134,4.000034764,3.58,2.518725944,8,232.1402484,1.636419419
0tYH3kFkjABPxtnDy0hXhs,14950,사무실,33606,50.13392835,179.4794616,34.11119711,13.28063284,3.77496544,3.58,3.518080641,6,227.4452717,1.267249576
0tYH3kFkjABPxtnDy0hXhS,14950,사무실,33606,42.5372118,216.089036,28.94996551,10.37501742,4.099965339,5.08,2.530513445,6,227.4452717,1.052553503
0tYH3kFkjABPxtnDy0hXhu,12686,사무실,33606,51.85797028,185.6515336,34.56126567,13.28063284,4,3.58,3.320158209,8,230.4476317,1.24129129
0tYH3kFkjABPxtnDy0hXhV,14782,사무실,33606,46.70500713,190.5564291,29.95000003,10.375,4.600000013,4.08,2.255434776,9,239.8853909,1.258868001
0tYH3kFkjABPxtnDy0hXhx,12502,사무실,33606,52.01655227,186.2192571,34.5613356,13.28063284,4.000034962,3.58,3.32012919,8,221.7096249,1.190583769
0tYH3kFkjABPxtnDy0hXhY,13014,사무실,33606,53.17979752,190.3836751,34.66146274,13.23064066,4.100090712,3.58,3.226914131,9,228.5649592,1.200549149
0tYH3kFkjABPxtnDy0hXhz,12840,사무실,33606,49.86757162,178.5259064,34.07108425,13.28063284,3.75490929,3.58,3.536871815,7,229.2165125,1.283939777
0tYH3kFkjABPxtnDy0hXi6,19120,사무실,33606,129.2036754,410.8676878,45.76030741,10.60015341,12.28000029,3.18,0.863204655,10,433.8587095,1.05595724
0tYH3kFkjABPxtnDy0hXib,18035,화장실,33234,17.27605401,39.56216368,22.01996514,3.239991307,5.439999997,2.29,0.595586638,12,47.43386765,1.198970512
0tYH3kFkjABPxtnDy0hXig,18245,화장실,33234,11.02367545,25.24421677,13.76003477,2.540017386,4.339999997,2.29,0.585257463,4,286.2533839,11.33936483
0tYH3kFkjABPxtnDy0hXii,18343,설비관련공간,33400,6.060401834,21.69623857,9.863984353,2.609992177,2.322,3.58,1.124027638,5,346.973853,15.99235056
0tYH3kFkjABPxtnDy0hXio,16210,복도,33105,164.5270902,611.4457961,140.9777649,32.51000869,26.44000012,4.18,1.229576722,57,52.54497829,0.085935628
0tYH3kFkjABPxtnDy0hXiO,16210,사무실,33606,105.4984156,335.4849615,42.76006976,13.27999992,8.100034962,3.18,1.639499087,57,52.54497829,0.156623945
0tYH3kFkjABPxtnDy0hXiq,17712,설비관련공간,33400,5.844787276,20.92433845,9.671304313,2.230624143,2.655,3.58,0.840159753,6,84.97782818,4.061195453
0tYH3kFkjABPxtnDy0hXiR,18534,사무실,33606,76.25126902,242.4790337,42.06001602,13.23000774,7.799999987,3.18,1.696154842,10,295.0529985,1.216818601
0tYH3kFkjABPxtnDy0hXiT,18979,사무실,33606,84.95999949,270.1727984,39.34999984,13.27499992,6.4,3.18,2.074218738,4,458.2008752,1.695954877
0tYH3kFkjABPxtnDy0hXiZ,17852,출입구 및 전실,33114,6.933878032,24.82328335,10.80369336,3.301846677,2.100000003,3.58,1.572307939,5,53.55783051,2.157564322
0tYH3kFkjABPxtnDy0hXjn,19363,사무실,33606,146.3411029,465.3647073,52.04989602,10.47499134,14.87496533,3.18,0.70420274,16,48.20409223,0.103583472
0tYH3kFkjABPxtnDy0hXjs,19674,사무실,33606,137.2543723,436.4689038,50.11005187,10.37500003,13.40503462,3.18,0.773962942,22,101.5001745,0.232548467
0tYH3kFkjABPxtnDy0hXm6,20799,복도,33105,97.7437591,301.050778,89.82295979,16.155,17.45503465,3.08,0.925520936,47,340.1419706,1.129849167
0tYH3kFkjABPxtnDy0hXmd,20025,출입구 및 전실,33114,6.930018343,22.03745833,10.80001747,3.30000873,2.100000003,3.18,1.571432726,5,101.5,4.605794302
0tYH3kFkjABPxtnDy0hXmf,20185,계단실,33101,14.300048,64.35021602,16.20001745,2.60000873,5.499999997,4.5,0.47272886,5,94.22621354,1.464271907
0tYH3kFkjABPxtnDy0hXmG,20432,화장실,33234,17.27605401,46.81810637,22.01996514,3.239991307,5.439999997,2.71,0.595586638,12,472.2962344,10.08789699
0tYH3kFkjABPxtnDy0hXmk,20299,계단실,33101,14.29999999,64.34999996,16.19999999,2.6,5.499999997,4.5,0.472727273,7,59.33704511,0.922098604
0tYH3kFkjABPxtnDy0hXmL,20642,화장실,33234,11.02367545,29.87416046,13.76003477,2.540017386,4.339999997,2.71,0.585257463,4,279.8162852,9.366498703
0tYH3kFkjABPxtnDy0hXO0,41864,사무실,33606,85.76410022,255.5770187,39.60128132,13.40064066,6.4,2.98,2.093850103,4,399.2810669,1.562272965
0tYH3kFkjABPxtnDy0hXO2,41411,사무실,33606,106.6576445,317.8397805,42.83581204,13.45564066,8.100034962,2.98,1.661183035,12,569.9833914,1.793304131
0tYH3kFkjABPxtnDy0hXO4,42355,사무실,33606,130.9361754,390.1898028,45.83476821,10.60015341,12.45500029,2.98,0.851076127,10,431.2027083,1.105110142
0tYH3kFkjABPxtnDy0hXO6,42019,사무실,33606,195.949503,583.9295189,59.75986089,16.00000001,12.39996543,2.98,1.290326179,17,458.7948869,0.785702507
0tYH3kFkjABPxtnDy0hXO8,44047,사무실,33606,139.8943766,416.8852423,50.53451285,10.55000003,13.60503471,2.98,0.775448226,26,95.01999996,0.227928433
0tYH3kFkjABPxtnDy0hXOA,42910,사무실,33606,150.2785984,447.8302231,52.41104802,10.64999134,15.04996533,2.98,0.707642251,16,95.02016756,0.212178997
0tYH3kFkjABPxtnDy0hXOC,45008,계단실,33101,14.29999999,58.62999996,16.19999999,2.6,5.499999997,4.1,0.472727273,7,393.8698846,6.717889901
0tYH3kFkjABPxtnDy0hXOE,44884,계단실,33101,14.300048,58.63019682,16.20001745,2.60000873,5.499999997,4.1,0.47272886,6,406.945722,6.940889577
0tYH3kFkjABPxtnDy0hXOO,40426,화장실,33234,17.27605401,46.81810637,22.01996514,3.239991307,5.439999997,2.71,0.595586638,12,393.8698846,8.412768374
0tYH3kFkjABPxtnDy0hXOQ,40243,출입구 및 전실,33114,6.930018343,20.65145466,10.80001747,3.30000873,2.100000003,2.98,1.571432726,5,59.33704511,2.873262251
0tYH3kFkjABPxtnDy0hXOS,40775,사무실,33606,124.0570817,369.6901017,48.63577832,16.05062411,7.80503436,2.98,2.056445028,20,289.5400188,0.783196568
0tYH3kFkjABPxtnDy0hXOU,40636,화장실,33234,11.02367545,29.87416046,13.76003477,2.540017386,4.339999997,2.71,0.585257463,4,341.7871156,11.44089442
0tYH3kFkjABPxtnDy0hXp1,24873,사무실,33606,130.2850379,388.2494129,45.52874901,10.56415341,12.43700029,2.98,0.849413296,8,428.8883715,1.104672299
0tYH3kFkjABPxtnDy0hXp6,25672,사무실,33606,149.5847402,445.7625259,51.66569382,10.63199134,15.03196533,2.98,0.707292167,20,93.84915894,0.210536224
0tYH3kFkjABPxtnDy0hXpB,27253,사무실,33606,138.8057483,413.64113,49.81693518,10.53200003,13.38203467,2.98,0.787025313,16,93.84915786,0.22688546
0tYH3kFkjABPxtnDy0hXpD,28146,계단실,33101,14.00974369,57.43994913,16.05601745,2.56400873,5.463999997,4.1,0.469254892,4,45.22876011,0.787409474
0tYH3kFkjABPxtnDy0hXpM,21640,사무실,33606,76.87813923,229.0968549,41.82845729,13.38700786,7.763999987,2.98,1.724241098,8,289.0389579,1.261645246
0tYH3kFkjABPxtnDy0hXPo,45177,복도,33105,90.49360786,242.5228691,84.19284078,16.10999218,14.72500031,2.68,1.094057171,44,341.7871156,1.4092985
0tYH3kFkjABPxtnDy0hXpQ,22156,사무실,33606,105.9975832,315.8727979,42.52872491,13.43710669,8.064034962,2.98,1.66630065,12,572.37621,1.812046538
0tYH3kFkjABPxtnDy0hXpS,23173,사무실,33606,196.6630495,586.0558876,58.66325466,16.03200001,12.44200001,2.98,1.28853882,16,457.2998387,0.780300733
0tYH3kFkjABPxtnDy0hXpV,22705,사무실,33606,85.51260219,254.8275545,39.12837231,13.43700004,6.363965316,2.98,2.111419432,4,397.6569519,1.560494322
0tYH3kFkjABPxtnDy0hXq_,28415,화장실,33234,17.27605401,46.81810637,22.01996514,3.239991307,5.439999997,2.71,0.595586638,12,430.8083183,9.201745899
0tYH3kFkjABPxtnDy0hXqb,28746,복도,33105,95.3859622,255.6343787,89.56581863,16.081,17.40199997,2.68,0.924089187,12,341.7890093,1.337022865
0tYH3kFkjABPxtnDy0hXqo,28226,계단실,33101,14.00974338,57.43994787,16.05601734,2.564008673,5.463999997,4.1,0.469254882,4,94.22621354,1.640429997
0tYH3kFkjABPxtnDy0hXqq,28294,출입구 및 전실,33114,6.736914029,20.07600381,10.65601747,3.26400873,2.064000003,2.98,1.581399576,4,59.33704511,2.955620335
0tYH3kFkjABPxtnDy0hXqZ,28625,화장실,33234,11.02367545,29.87416046,13.76003477,2.540017386,4.339999997,2.71,0.585257463,4,393.8698846,13.18429969
0tYH3kFkjABPxtnDy0hXR1,46561,사무실,33606,106.6576445,317.8397805,42.83581204,13.45564066,8.100034962,2.98,1.661183035,12,569.757697,1.792594043
0tYH3kFkjABPxtnDy0hXR6,47014,사무실,33606,85.76410022,255.5770187,39.60128132,13.40064066,6.4,2.98,2.093850103,4,399.2810669,1.562272965
0tYH3kFkjABPxtnDy0hXR8,47505,사무실,33606,130.9361754,390.1898028,45.83476821,10.60015341,12.45500029,2.98,0.851076127,10,429.9707078,1.101952703
0tYH3kFkjABPxtnDy0hXRB,47167,사무실,33606,195.8962041,583.7706881,59.71989559,16.00001736,12.39996543,2.98,1.290327578,17,458.7948869,0.785916279
0tYH3kFkjABPxtnDy0hXRD,48060,사무실,33606,150.2785984,447.8302231,52.41104802,10.64999134,15.04996533,2.98,0.707642251,16,95.02016756,0.212178997
0tYH3kFkjABPxtnDy0hXRT,45925,사무실,33606,124.0570817,369.6901017,48.63577832,16.05062411,7.80503436,2.98,2.056445028,20,289.5400188,0.783196568
0tYH3kFkjABPxtnDy0hXSg,50431,화장실,33234,17.27605401,46.81810637,22.01996514,3.239991307,5.439999997,2.71,0.595586638,12,407.2986043,8.699595859
0tYH3kFkjABPxtnDy0hXSH,50802,복도,33105,90.49589548,242.5289999,84.39284861,16.15499218,14.74500031,2.68,1.095625082,46,342.9294278,1.413972877
0tYH3kFkjABPxtnDy0hXSl,50641,화장실,33234,11.02367545,29.87416046,13.76003477,2.540017386,4.339999997,2.71,0.585257463,4,393.8040102,13.18209463
0tYH3kFkjABPxtnDy0hXSo,49193,사무실,33606,139.8743766,416.8256423,50.13451267,10.55000003,13.40503462,2.98,0.787017739,24,95.01999996,0.227961023
0tYH3kFkjABPxtnDy0hXSq,50014,계단실,33101,14.300048,58.63019682,16.20001745,2.60000873,5.499999997,4.1,0.47272886,6,46.04408873,0.785330618
0tYH3kFkjABPxtnDy0hXSv,50138,계단실,33101,14.29999999,58.62999996,16.19999999,2.6,5.499999997,4.1,0.472727273,7,94.22621354,1.607133099
0tYH3kFkjABPxtnDy0hXSW,50248,출입구 및 전실,33114,6.930018343,20.65145466,10.80001747,3.30000873,2.100000003,2.98,1.571432726,5,59.33704511,2.873262251
0tYH3kFkjABPxtnDy0hXV1,54525,계단실,33101,14.29999999,58.62999996,16.19999999,2.6,5.499999997,4.1,0.472727273,7,286.5115216,4.886773355
0tYH3kFkjABPxtnDy0hXV8,54694,복도,33105,90.49764387,242.5336856,84.12288332,16.15499218,14.61000031,2.68,1.105748928,45,294.5429469,1.214441393
0tYH3kFkjABPxtnDy0hXVf,53089,사무실,33606,139.8743766,416.8256423,50.13451267,10.55000003,13.40503462,2.98,0.787017739,24,59.33704511,0.142354594
0tYH3kFkjABPxtnDy0hXVG,54143,화장실,33234,11.02367545,29.87416046,13.76003477,2.540017386,4.339999997,2.71,0.585257463,4,95.02016756,3.180680765
0tYH3kFkjABPxtnDy0hXVJ,53933,화장실,33234,17.27605401,46.81810637,22.01996514,3.239991307,5.439999997,2.71,0.595586638,12,46.04408873,0.983467558
0tYH3kFkjABPxtnDy0hXVQ,54241,출입구 및 전실,33114,6.930018343,20.65145466,10.80001747,3.30000873,2.100000003,2.98,1.571432726,20,290.5718188,14.07028336
0tYH3kFkjABPxtnDy0hXVq,54241,사무실,33606,124.3221428,370.4799856,48.57354736,16.05062411,7.80503436,2.98,2.056445028,20,290.5718188,0.784311785
0tYH3kFkjABPxtnDy0hXVS,54401,계단실,33101,14.300048,58.63019682,16.20001745,2.60000873,5.499999997,4.1,0.47272886,6,406.5785941,6.934627822
0tYH3kFkjABPxtnDy0hXVu,52174,사무실,33606,107.2288006,319.5418256,42.83581204,13.45564066,8.100034962,2.98,1.661183035,12,429.9707078,1.345585064
0tYH3kFkjABPxtnDy0hXVz,52663,사무실,33606,86.11610022,256.6259787,39.71128132,13.45564066,6.4,2.98,2.102443853,7,94.22621354,0.367173324
0tYH3kFkjABPxtnDy0hXyc,30342,사무실,33606,195.93359,583.8820982,59.75993086,16,12.39996574,2.98,1.290326146,17,458.2468904,0.784827779
0tYH3kFkjABPxtnDy0hXye,31355,사무실,33606,150.1536001,447.4577284,52.44878252,10.64999134,15.04996533,2.98,0.707642251,16,406.9694616,0.909514879
0tYH3kFkjABPxtnDy0hXyh,30680,사무실,33606,130.9361754,390.1898028,45.83476821,10.60015341,12.45500029,2.98,0.851076127,10,428.3267078,1.097739369
0tYH3kFkjABPxtnDy0hXyj,32782,사무실,33606,138.7543766,413.4880423,50.61005187,10.50000003,13.40503462,2.98,0.783287797,22,95.02016756,0.229801488
0tYH3kFkjABPxtnDy0hXyq,29028,사무실,33606,124.0570817,369.6901017,48.63577832,16.05062411,7.80503436,2.98,2.056445028,20,569.951774,1.541701472
0tYH3kFkjABPxtnDy0hXyu,29760,사무실,33606,106.6582968,317.8417244,42.83600971,13.45573949,8.100034962,2.98,1.661195237,12,399.2810669,1.256226091
0tYH3kFkjABPxtnDy0hXZe,8038,주차장,33113,1052.411912,5725.811113,178.7839906,42.3,36.1,5.9,1.171745152,46,127.4628428,0.022261098
0tYH3kFkjABPxtnDy0hYa1,59135,사무실,33606,86.11563353,308.293968,39.43567275,13.45564066,6.399965316,3.58,2.102455247,7,516.6667504,1.67588991
0tYH3kFkjABPxtnDy0hYaD,59567,사무실,33606,139.8766266,500.7583232,50.22451267,10.55000003,13.45003462,3.58,0.784384601,25,109.6001833,0.218868421
0tYH3kFkjABPxtnDy0hYaO,58696,사무실,33606,77.78839095,278.4824396,42.09797249,13.45564066,7.799999987,3.58,1.725082139,8,460.5434389,1.653761148
0tYH3kFkjABPxtnDy0hYb_,61356,계단실,33101,14.29999999,71.49999996,16.19999999,2.6,5.499999997,5,0.472727273,7,94.22621354,1.317849141
0tYH3kFkjABPxtnDy0hYbg,61649,화장실,33234,17.27605401,46.81810637,22.01996514,3.239991307,5.439999997,2.71,0.595586638,12,573.2777665,12.24478756
0tYH3kFkjABPxtnDy0hYbl,61859,화장실,33234,11.02367545,29.87416046,13.76003477,2.540017386,4.339999997,2.71,0.585257463,4,91.02043055,3.046794593
0tYH3kFkjABPxtnDy0hYbt,60457,복도,33105,97.62193315,349.4865207,89.78292853,16.10999218,17.45503465,3.58,0.922942435,49,109.5999999,0.313602939
0tYH3kFkjABPxtnDy0hYbv,61242,계단실,33101,14.300048,71.50024002,16.20001745,2.60000873,5.499999997,5,0.47272886,5,52.52409921,0.73460032
0tYH3kFkjABPxtnDy0hYbW,61466,출입구 및 전실,33114,6.930018343,24.80946567,10.80001747,3.30000873,2.100000003,3.58,1.571432726,5,59.33704511,2.391709918
0tYH3kFkjABPxtnDy0hYX5,55407,사무실,33606,77.78838927,239.5882372,42.23574265,13.45564066,7.799999987,3.08,1.725082139,10,435.2934121,1.816839663
0tYH3kFkjABPxtnDy0hYXE,55868,사무실,33606,86.11610022,265.2375887,39.71128132,13.45564066,6.4,3.08,2.102443853,7,47.12409048,0.177667467
0tYH3kFkjABPxtnDy0hYYc,57340,복도,33105,97.62168354,300.6747853,89.78292853,16.10999218,17.45503465,3.08,0.922942435,49,101.5001745,0.337574614
0tYH3kFkjABPxtnDy0hYYe,58125,계단실,33101,14.29999999,64.34999996,16.19999999,2.6,5.499999997,4.5,0.472727273,7,94.22621354,1.464276824
0tYH3kFkjABPxtnDy0hYYj,58235,계단실,33101,14.300048,64.35021602,16.20001745,2.60000873,5.499999997,4.5,0.47272886,5,59.33704511,0.922095508
0tYH3kFkjABPxtnDy0hYYK,58582,화장실,33234,11.02367545,29.87416046,13.76003477,2.540017386,4.339999997,2.71,0.585257463,4,314.3974059,10.52405829
0tYH3kFkjABPxtnDy0hYYN,58372,화장실,33234,17.27605401,46.81810637,22.01996514,3.239991307,5.439999997,2.71,0.595586638,12,307.7671689,6.573678279
0tYH3kFkjABPxtnDy0hYYw,56298,사무실,33606,139.8766262,430.8200086,50.22451267,10.55000003,13.45003462,3.08,0.784384601,25,471.774787,1.095062387
0tYH3kFkjABPxtnDy0hYYy,57121,출입구 및 전실,33114,6.930018343,21.3444565,10.80001747,3.30000873,2.100000003,3.08,1.571432726,5,101.5,4.755333077
25r4A06CXFvP0VwAFILTGm,63269,ROOF,33111,1040.425516,4161.702066,189.0092176,36.99998084,34.80000701,4,1.063217626,31,55.96000005,0.013446421
2ANYFrfHLDX9FGi5gxariD,83561,사무실,33606,107.2288006,383.879106,42.83581204,13.45564066,8.100034962,3.58,1.661183035,12,30.75892249,0.080126587
2ANYFrfHLDX9FGi5gxarjg,82444,사무실,33606,150.8690958,540.1113628,52.21104802,10.64999134,15.04996533,3.58,0.707642251,16,347.2405629,0.642905495
2ANYFrfHLDX9FGi5gxarjJ,81911,사무실,33606,131.2117061,469.7379078,45.97253781,10.60015341,12.45500029,3.58,0.851076127,8,446.3492981,0.950209235
2ANYFrfHLDX9FGi5gxarmA,76714,사무실,33606,150.8690958,449.5899053,52.21104802,10.64999134,15.04996533,2.98,0.707642251,16,464.6698712,1.033541603
2ANYFrfHLDX9FGi5gxarnK,76181,사무실,33606,131.2117061,391.0108841,45.97253781,10.60015341,12.45500029,2.98,0.851076127,8,404.443159,1.034352688
2ANYFrfHLDX9FGi5gxaroF,79576,사무실,33606,150.8690958,464.6768149,52.21104802,10.64999134,15.04996533,3.08,0.707642251,16,491.1198193,1.056906227
2ANYFrfHLDX9FGi5gxarow,80705,사무실,33606,197.8829404,708.4209265,59.00668607,16.05047942,12.45496533,3.58,1.28868118,18,368.7962386,0.520589137
2ANYFrfHLDX9FGi5gxarpF,77841,사무실,33606,197.8821082,609.4768932,58.99670172,16.05047942,12.45496533,3.08,1.28868118,17,609.5663579,1.000146789
2ANYFrfHLDX9FGi5gxarpx,79043,사무실,33606,131.2117061,404.1320548,45.97253781,10.60015341,12.45500029,3.08,0.851076127,8,427.4983127,1.057818373
2ANYFrfHLDX9FGi5gxarqq,74979,사무실,33606,197.8821082,589.6886824,58.99670172,16.05047942,12.45496533,2.98,1.28868118,17,579.6735399,0.983016221
2J4$3fO2bBdPmWg92PGQva,85743,주차램프,33113,122.1950325,470.4518772,52.29950088,17.5,12.30116095,3.85,1.422629951,28,42.92761543,0.091247623
2J4$3fO2bBdPmWg92PGQvk,85070,주차램프,33113,155.247562,887.7523323,63.09561616,22.64963644,12.44236144,5.9,1.820364772,38,30.75892249,0.03464809
2NgDQSYgzCbv2O5qCbjb$F,61988,사무실,33606,192.797683,613.0966318,58.61631426,15.87484651,12.27496533,3.18,1.293270171,16,72.37028546,0.118040586
2NgDQSYgzCbv2O5qCbjb$w,62289,사무실,33606,85.43824407,254.597696,39.49858389,13.34929195,6.4,2.98,2.085826866,5,51.07311901,0.200603225
2NgDQSYgzCbv2O5qCbjbX$,62496,계단실,33101,14.31015671,38.63742313,16.20369335,2.601846677,5.499999997,2.7,0.473063032,4,39.97000004,1.03448928
2NgDQSYgzCbv2O5qCbjbXe,62698,승강기홀,33109,8.410945537,32.38214032,11.60781827,2.799999774,3.003909363,3.85,0.932118595,5,2918.487903,90.12646706
2NgDQSYgzCbv2O5qCbjbXh,62805,승강기홀,33109,4.200000007,16.17000003,8.200000007,2,2.100000003,3.85,0.952380951,4,70.53065399,4.361821513
2NgDQSYgzCbv2O5qCbjbXr,62603,승강기홀,33109,6.264397883,24.11793185,10.01151253,2.501846903,2.503909363,3.85,0.999176304,4,42.82165427,1.77551104
2NgDQSYgzCbv2O5qCbjbXX,62915,출입구 및 전실,33114,6.933878032,18.58279313,10.80369336,3.301846677,2.100000003,2.68,1.572307939,5,63.19999308,3.400995353
2NgDQSYgzCbv2O5qCbjbXy,62389,계단실,33101,14.3101643,55.09413254,16.20781869,2.6,5.503909345,3.85,0.472391502,4,61.51199143,1.116488972
2PS34_buT8r8gcHx_FDB$0,66357,수직통로,33416,2.080000017,9.984000083,6.800000013,2.6,0.800000007,4.8,3.249999973,4,36.10052648,3.615837959
2PS34_buT8r8gcHx_FDB$8,66213,수직통로,33416,6.752770119,32.41288302,14.00369335,5.501846677,1.499999998,4.8,3.667897789,7,32.23927074,0.994643726
2PS34_buT8r8gcHx_FDB$e,65940,승강기홀,33109,8.410945537,40.37089665,11.60781827,2.799999774,3.003909363,4.8,0.932118595,5,36.8000001,0.911547752
2PS34_buT8r8gcHx_FDB$h,66042,승강기홀,33109,4.200000007,20.16000003,8.200000007,2,2.100000003,4.8,0.952380951,4,56.67987241,2.811501603
2PS34_buT8r8gcHx_FDB$r,65774,승강기홀,33109,6.264397883,30.06695351,10.01151253,2.501846903,2.503909363,4.8,0.999176304,4,80.72271692,2.684765415
2PS34_buT8r8gcHx_FDB_c,66642,수직통로,33416,3.783158571,11.34947571,9.511403111,1.01,3.745701556,3,0.269642411,4,45.30000004,3.991373804
2PS34_buT8r8gcHx_FDB_e,66446,수직통로,33416,4.799982645,25.67990715,8.79998264,2.399991307,2.000000013,5.35,1.199995646,5,57.55368372,2.241195164
2PS34_buT8r8gcHx_FDB_Z,66538,수직통로,33416,2.773927074,8.321781223,8.897138865,3.698569432,0.75,3,4.93142591,4,69.0559005,8.298211483
2PS34_buT8r8gcHx_FDBa1,72440,승강기홀,33109,4.200000007,20.37000003,8.200000007,2,2.100000003,4.85,0.952380951,4,52.27988109,2.56651355
2PS34_buT8r8gcHx_FDBa7,72545,수직통로,33416,6.750013198,33.75006599,14.00001746,5.50000873,1.499999998,5,3.66667249,7,67.41975964,1.997618602
2PS34_buT8r8gcHx_FDBaB,72246,승강기홀,33109,6.25979583,31.29897915,10.00783664,2.500008956,2.503909363,5,0.998442273,4,83.50011368,2.667822272
2PS34_buT8r8gcHx_FDBac,71875,승강기홀,33109,6.25979583,28.16761521,10.00783664,2.500008956,2.503909363,4.5,0.998442273,4,62.55877484,2.220946799
2PS34_buT8r8gcHx_FDBaE,72338,승강기홀,33109,8.410945537,42.05472768,11.60781827,2.799999774,3.003909363,5,0.932118595,5,38.1600001,0.907389067
2PS34_buT8r8gcHx_FDBag,71653,수직통로,33416,2.080000017,9.360000078,6.800000013,2.6,0.800000007,4.5,3.249999973,4,69.0559005,7.377767086
2PS34_buT8r8gcHx_FDBaj,71742,수직통로,33416,4.799982645,21.5999219,8.79998264,2.399991307,2.000000013,4.5,1.199995646,4,45.30000004,2.097229807
2PS34_buT8r8gcHx_FDBaP,72052,승강기홀,33109,8.410945537,37.84761299,11.60781827,2.799999774,3.003909363,4.5,0.932118595,5,74.86098244,1.977957829
2PS34_buT8r8gcHx_FDBaS,72169,승강기홀,33109,4.200000007,18.90000003,8.200000007,2,2.100000003,4.5,0.952380951,4,48.17000005,2.548677247
2PS34_buT8r8gcHx_FDBat,71510,수직통로,33416,6.750013198,30.37505939,14.00001746,5.50000873,1.499999998,4.5,3.66667249,7,57.55368372,1.894767776
2PS34_buT8r8gcHx_FDBbf,71105,승강기홀,33109,4.200000007,17.22000003,8.200000007,2,2.100000003,4.1,0.952380951,4,45.67989411,2.652723231
2PS34_buT8r8gcHx_FDBbl,71195,수직통로,33416,6.750013198,27.67505411,14.00001746,5.50000873,1.499999998,4.1,3.66667249,7,76.50010495,2.76422603
2PS34_buT8r8gcHx_FDBbp,70811,승강기홀,33109,6.25979583,25.66369688,10.00783664,2.500008956,2.503909363,4.1,0.998442273,4,70.90009797,2.762661136
2PS34_buT8r8gcHx_FDBbR,71427,수직통로,33416,4.799982645,19.67992884,8.79998264,2.399991307,2.000000013,4.1,1.199995646,4,49.19988717,2.500003306
2PS34_buT8r8gcHx_FDBbs,70988,승강기홀,33109,8.410945537,34.48323477,11.60781827,2.799999774,3.003909363,4.1,0.932118595,5,32.04000009,0.929147173
2PS34_buT8r8gcHx_FDBbY,71338,수직통로,33416,2.080000017,8.528000071,6.800000013,2.6,0.800000007,4.1,3.249999973,4,34.76000009,4.075984967
2PS34_buT8r8gcHx_FDBd2,73202,수직통로,33416,2.080000017,8.008000067,6.800000013,2.6,0.800000007,3.85,3.249999973,4,157.0438603,19.6108715
2PS34_buT8r8gcHx_FDBd9,73020,복도,33105,13.00776194,35.12095787,17.00780134,1.999991307,6.503909364,2.7,0.307506024,8,49.68088449,1.414565191
2PS34_buT8r8gcHx_FDBdJ,72877,수직통로,33416,6.752770119,25.99816496,14.00369335,5.501846677,1.499999998,3.85,3.667897789,7,150.4105364,5.785428957
2PS34_buT8r8gcHx_FDBdw,72688,수직통로,33416,2.080000017,10.40000009,6.800000013,2.6,0.800000007,5,3.249999973,4,71.93658793,6.916979549
2PS34_buT8r8gcHx_FDBdz,72777,수직통로,33416,4.799982645,23.27991583,8.79998264,2.399991307,2.000000013,4.85,1.199995646,4,30.34000009,1.303269321
2PS34_buT8r8gcHx_FDBo4,64657,승강기홀,33109,6.254616565,36.27677608,10.00369325,2.501846903,2.499999724,5.8,1.000738872,5,94.72696167,2.611228778
2PS34_buT8r8gcHx_FDBo7,64746,승강기홀,33109,8.399998548,33.59999419,11.599999,2.799999774,2.999999724,4,0.933333344,5,59.2177281,1.762432689
2PS34_buT8r8gcHx_FDBuA,67877,승강기홀,33109,4.053696007,16.62015363,8.056000007,1.964,2.064000003,4.1,0.951550386,4,42.02000004,2.528255814
2PS34_buT8r8gcHx_FDBuK,67741,승강기홀,33109,6.071094735,24.89148841,9.855836636,2.464008956,2.463909363,4.1,1.000040421,4,53.49993223,2.149326362
2PS34_buT8r8gcHx_FDBuN,67809,승강기홀,33109,8.192244809,33.58820371,11.45581827,2.763999774,2.963909363,4.1,0.932552057,4,64.35765902,1.916079216
2PS34_buT8r8gcHx_FDBuO,67521,수직통로,33416,6.499308884,26.64716642,13.85601746,5.46400873,1.463999998,4.1,3.732246404,6,52.55111968,1.972109111
2PS34_buT8r8gcHx_FDBuR,67606,수직통로,33416,1.958896017,8.03147367,6.656000013,2.564,0.764000007,4.1,3.356020913,4,63.35334454,7.8881345
2PS34_buT8r8gcHx_FDBuU,67671,수직통로,33416,4.799982645,19.67992884,8.79998264,2.399991307,2.000000013,4.1,1.199995646,4,41.13699204,2.090301869
2PS34_buT8r8gcHx_FDBvc,67208,수직통로,33416,6.750013198,30.37505939,14.00001746,5.50000873,1.499999998,4.5,3.66667249,7,69.80828934,2.298210793
2PS34_buT8r8gcHx_FDBvg,67001,승강기홀,33109,8.410945537,37.84761299,11.60781827,2.799999774,3.003909363,4.5,0.932118595,5,34.76000009,0.918419878
2PS34_buT8r8gcHx_FDBvj,67118,승강기홀,33109,4.200000007,18.90000003,8.200000007,2,2.100000003,4.5,0.952380951,4,49.19988717,2.603168629
2PS34_buT8r8gcHx_FDBvP,67351,수직통로,33416,2.080000017,9.360000078,6.800000013,2.6,0.800000007,4.5,3.249999973,4,31.20739209,3.334123059
2PS34_buT8r8gcHx_FDBvS,67440,수직통로,33416,4.799982645,21.5999219,8.79998264,2.399991307,2.000000013,4.5,1.199995646,4,45.67989411,2.114817559
2PS34_buT8r8gcHx_FDBvt,66824,승강기홀,33109,6.25979583,28.16761521,10.00783664,2.500008956,2.503909363,4.5,0.998442273,4,76.50010495,2.715888597
2PS34_buT8r8gcHx_FDBw_,69490,승강기홀,33109,8.410945537,34.48323477,11.60781827,2.799999774,3.003909363,4.1,0.932118595,5,32.04000009,0.929147173
2PS34_buT8r8gcHx_FDBw1,70377,승강기홀,33109,6.25979583,25.66369688,10.00783664,2.500008956,2.503909363,4.1,0.998442273,4,53.55054906,2.086626463
2PS34_buT8r8gcHx_FDBw4,70554,승강기홀,33109,8.410945537,34.48323477,11.60781827,2.799999774,3.003909363,4.1,0.932118595,5,64.41277319,1.867944629
2PS34_buT8r8gcHx_FDBw7,70671,승강기홀,33109,4.200000007,17.22000003,8.200000007,2,2.100000003,4.1,0.952380951,4,42.02000004,2.440185829
2PS34_buT8r8gcHx_FDBw8,70244,수직통로,33416,4.799982645,19.67992884,8.79998264,2.399991307,2.000000013,4.1,1.199995646,4,42.02000004,2.135170324
2PS34_buT8r8gcHx_FDBwb,69840,수직통로,33416,2.080000017,8.528000071,6.800000013,2.6,0.800000007,4.1,3.249999973,4,32.04000009,3.757035627
2PS34_buT8r8gcHx_FDBwI,70012,수직통로,33416,6.750013198,27.67505411,14.00001746,5.50000873,1.499999998,4.1,3.66667249,7,53.55054906,1.934975406
2PS34_buT8r8gcHx_FDBwL,70155,수직통로,33416,2.080000017,8.528000071,6.800000013,2.6,0.800000007,4.1,3.249999973,4,64.41277319,7.553092478
2PS34_buT8r8gcHx_FDBwn,69607,승강기홀,33109,4.200000007,17.22000003,8.200000007,2,2.100000003,4.1,0.952380951,4,45.67989411,2.652723231
2PS34_buT8r8gcHx_FDBwO,69929,수직통로,33416,4.799982645,19.67992884,8.79998264,2.399991307,2.000000013,4.1,1.199995646,4,45.67989411,2.321141224
2PS34_buT8r8gcHx_FDBwx,69313,승강기홀,33109,6.25979583,25.66369688,10.00783664,2.500008956,2.503909363,4.1,0.998442273,4,70.90009797,2.762661136
2PS34_buT8r8gcHx_FDBwY,69697,수직통로,33416,6.750013198,27.67505411,14.00001746,5.50000873,1.499999998,4.1,3.66667249,7,70.90009797,2.561877483
2PS34_buT8r8gcHx_FDBx_,68109,승강기홀,33109,4.200000007,17.22000003,8.200000007,2,2.100000003,4.1,0.952380951,4,45.67989411,2.652723231
2PS34_buT8r8gcHx_FDBx2,69056,승강기홀,33109,8.410945537,34.48323477,11.60781827,2.799999774,3.003909363,4.1,0.932118595,5,64.41277319,1.867944629
2PS34_buT8r8gcHx_FDBx5,69173,승강기홀,33109,4.200000007,17.22000003,8.200000007,2,2.100000003,4.1,0.952380951,4,42.02000004,2.440185829
2PS34_buT8r8gcHx_FDBxF,68879,승강기홀,33109,6.25979583,25.66369688,10.00783664,2.500008956,2.503909363,4.1,0.998442273,4,53.55054906,2.086626463
2PS34_buT8r8gcHx_FDBxg,68514,수직통로,33416,4.799982645,19.67992884,8.79998264,2.399991307,2.000000013,4.1,1.199995646,4,45.67989411,2.321141224
2PS34_buT8r8gcHx_FDBxG,68514,수직통로,33416,6.750013198,27.67505411,14.00001746,5.50000873,1.499999998,4.1,3.66667249,4,45.67989411,1.650580119
2PS34_buT8r8gcHx_FDBxJ,68657,수직통로,33416,2.080000017,8.528000071,6.800000013,2.6,0.800000007,4.1,3.249999973,4,64.41277319,7.553092478
2PS34_buT8r8gcHx_FDBxM,68746,수직통로,33416,4.799982645,19.67992884,8.79998264,2.399991307,2.000000013,4.1,1.199995646,4,42.02000004,2.135170324
2PS34_buT8r8gcHx_FDBxq,68199,수직통로,33416,6.750051473,27.67521104,14.00001746,5.50000873,1.499999998,4.1,3.66667249,7,70.90009797,2.561862956
2PS34_buT8r8gcHx_FDBxt,68342,수직통로,33416,2.080000017,8.528000071,6.800000013,2.6,0.800000007,4.1,3.249999973,4,32.04000009,3.757035627
2PS34_buT8r8gcHx_FDBxu,67945,승강기홀,33109,6.249987159,25.62494735,9.999989734,2.500085504,2.499909363,4.1,1.000070459,4,70.90017451,2.766841763
2PS34_buT8r8gcHx_FDBxx,68022,승강기홀,33109,8.399515898,34.43801518,11.59966518,2.799923225,2.999909363,4.1,0.93333594,5,32.04000009,0.93036721
2PS34_buT8r8gcHx_FDBy9,65605,수직통로,33416,4.397841352,25.83596832,12.59833675,5.501846677,0.8,6.1,6.877308346,6,47.76000005,1.848585641
2PS34_buT8r8gcHx_FDBYd,73313,설비관련공간,33400,36.23285412,107.9739053,26.15598261,7.66399127,4.81400002,2.98,1.592021446,7,72.53824598,0.671812748
2PS34_buT8r8gcHx_FDByd,73313,수직통로,33416,6.752770119,41.19189772,14.00369335,5.501846677,1.499999998,6.1,3.667897789,7,72.53824598,1.760983349
2PS34_buT8r8gcHx_FDBye,65134,승강기홀,33109,6.264397883,38.18640801,10.01151253,2.501846903,2.503909363,6.1,0.999176304,4,98.92806967,2.59066183
2PS34_buT8r8gcHx_FDByh,65228,승강기홀,33109,8.410945537,51.27701552,11.60781827,2.799999774,3.003909363,6.1,0.932118595,5,83.07219868,1.620066961
2PS34_buT8r8gcHx_FDByk,65315,승강기홀,33109,4.200000007,25.62000004,8.200000007,2,2.100000003,6.1,0.952380951,4,60.58233171,2.364649946
2PS34_buT8r8gcHx_FDBzN,65049,수직통로,33416,4.401477341,17.60590937,12.32815415,5.501846677,0.8,4,6.877308346,4,58.42000005,3.318204066
2PS34_buT8r8gcHx_FDBzP,64927,수직통로,33416,6.752770119,39.16606669,14.00369335,5.501846677,1.499999998,5.8,3.667897789,7,87.6675253,2.238354083
2PS34_buT8r8gcHx_FDBzw,64835,승강기홀,33109,4.200000007,24.36000004,8.200000007,2,2.100000003,5.8,0.952380951,4,73.6353416,3.022797269
3AV0y5ky106PrkmD0xkQy2,86543,수직통로,33416,3.783158571,9.22485386,9.511403111,1.01,3.745701556,2.4384,0.269642411,4,30.75892249,3.334353363
3AV0y5ky106PrkmD0xkQy9,86608,수직통로,33416,3.783158571,9.22485386,9.511403111,1.01,3.745701556,2.4384,0.269642411,4,30.75892249,3.334353363
3AV0y5ky106PrkmD0xkQzJ,86690,계단실,33101,5.979988911,14.58160496,12.69998261,4.949991307,1.4,2.4384,3.535708076,9,42.92761543,2.943956824
3QMW4JwEbBl8P8CIdg4sNG,86915,설비관련공간,33400,34.29663768,202.3494461,26.30416909,6.160879747,7,5.9,0.880125678,11,226.6511,1.120097457
